wyscout_json,statsbomb_json
2565922.json,9948.json
2565884.json,9928.json
2565907.json,9924.json
2565889.json,9912.json
2565874.json,9889.json
2565858.json,9880.json
2565856.json,9870.json
2565845.json,9860.json
2565830.json,9855.json
2565817.json,9837.json
2565807.json,9827.json
2565791.json,9811.json
2565781.json,9799.json
2565777.json,9794.json
2565759.json,9783.json
2565754.json,9774.json
2565740.json,9765.json
2565737.json,9754.json
2565718.json,9742.json
2565711.json,9736.json
2565704.json,9726.json
2565692.json,9717.json
2565681.json,9700.json
2565672.json,9695.json
2565658.json,9682.json
2565653.json,9673.json
2565647.json,9661.json
2565629.json,9650.json
2565626.json,9642.json
2565615.json,9636.json
2565603.json,9620.json
2565592.json,9609.json
2565580.json,9602.json
2565577.json,9592.json
2565559.json,9581.json
2565554.json,9575.json
2058017.json,8658.json
2058016.json,8657.json
2058015.json,8656.json
2058014.json,8655.json
2058012.json,8652.json
2058013.json,8651.json
2058011.json,8650.json
2058010.json,8649.json
2058009.json,7585.json
2058008.json,7586.json
2058007.json,7584.json
2058006.json,7583.json
2058005.json,7581.json
2058004.json,7582.json
2058002.json,7579.json
2058003.json,7580.json
2057994.json,7570.json
2057995.json,7569.json
2058000.json,7572.json
2058001.json,7571.json
2057982.json,7565.json
2057983.json,7568.json
2057989.json,7566.json
2057988.json,7567.json
2057976.json,7564.json
2057977.json,7561.json
2057971.json,7562.json
2057970.json,7563.json
2057965.json,7560.json
2057964.json,7557.json
2057959.json,7559.json
2057958.json,7558.json
2057998.json,7555.json
2057999.json,7556.json
2057993.json,7554.json
2057986.json,7551.json
2057987.json,7553.json
2057992.json,7552.json
2057981.json,7550.json
2057975.json,7549.json
2057980.json,7548.json
2057974.json,7545.json
2057968.json,7546.json
2057969.json,7547.json
2057963.json,7543.json
2057957.json,7544.json
2057962.json,7542.json
2057956.json,7540.json
2057996.json,7539.json
2057997.json,7541.json
2057991.json,7537.json
2057990.json,7536.json
2057985.json,7538.json
2057978.json,7533.json
2057984.json,7534.json
2057979.json,7535.json
2057973.json,7529.json
2057967.json,7532.json
2057972.json,7531.json
2057966.json,7530.json
2057960.json,7576.json
2057961.json,7577.json
2057955.json,7578.json
2057954.json,7525.json
